instance,cost,time_ms,approx_ratio
test4,4.0, 0.0320222,1.0
test18,180.0, 0.177213,1.0
test20,212.0, 0.187173,1.06
test22,232.0, 0.210313,1.0545
test24,252.0, 0.217646,1.05
a280,2922.0, 21.022,1.133
xql662,3020.0, 123.093,1.2018
kz9976,1270665.0, 33395.3,1.1966
mona-lisa_sample,2249093.0, 34594.8,N/A
